id,title,selftext,score,upvote_ratio,num_comments,subreddit,timestamp
1913s4n,Time to Break Free,,1,1.0,0,Bitcoin,2024-01-07 21:55:30
19148ol,Just get off zero ( JGOZ ),,1,1.0,0,Bitcoin,2024-01-07 22:13:43
1914fzt,I found a yellow key on keys.lol,"According to chatgpt, the odds are like winning the lottery many times over.  Is this a rare event or just a glitch?

Link: https://keys.lol/bitcoin/462569716653277.

Wallet last transacted coins in 2016, about $25 worth.",4,0.6700000166893005,8,Bitcoin,2024-01-07 22:21:44
1914pto,EARN 10x YOUR INVESTMENT WITH ANTMINER,[removed],1,1.0,0,Bitcoin,2024-01-07 22:32:56
1914v8g,51% attack,"what is to stop bad actors from executing this attack (or other attacks unbeknownst to me) in the future? I’ve read that it isn’t financially lucrative for them and that same effort would have been better spent mining Bitcoin, but what security measures have been established to ensure that these attacks will not happen in the future?",1,0.4399999976158142,12,Bitcoin,2024-01-07 22:39:11
1914zpi,Cold Wallet suggestions?,Looking to invest in a cold storage system. Has anyone used Arculus? Further— I need something that will be able to be transferred from my Robinhood acc. (Ik I’m working on transferring my assets to fidelity),3,0.7200000286102295,6,Bitcoin,2024-01-07 22:44:09
19150d2,"Ah 10 years ago, how things have changed! Here's to the BTC OGs.",,306,0.9700000286102295,40,Bitcoin,2024-01-07 22:44:55
19150or,Hardware Wallet for Idiots,"After just recently learning that Jan 3 is when many people pull their coins off exchanges and into their own cold storage, I think I’d like to take that step.  The problem is, I can’t figure out the cable box.  So what cold storage is the most user friendly, idiot proof way to get it done?",4,0.7099999785423279,45,Bitcoin,2024-01-07 22:45:16
19153oo,Candlesticks 101 👨‍🎓,,1,0.9900000095367432,0,Bitcoin,2024-01-07 22:48:40
1915avn,Deep Fake Ads on YouTube,[removed],1,1.0,2,Bitcoin,2024-01-07 22:56:30
1915fbl,Follow,[removed],1,1.0,0,Bitcoin,2024-01-07 23:01:24
1915jd4,"For 99% of world this is bad news, for us it’s good.",,9,0.8500000238418579,9,Bitcoin,2024-01-07 23:05:58
1915mgw,Bitcoins/USDT growth,[removed],1,1.0,0,Bitcoin,2024-01-07 23:09:34
1915s6t,Investment Post ETF approval,,47,0.8999999761581421,2,Bitcoin,2024-01-07 23:16:07
1915v6q,Bitcoin pool - H/W and Pool Recommendation,"I am a true beginner who would like to dive into the world of bitcoin mining.

Q1: Does anyone have a preference for bitcoin mining pools (I was looking at Foundary USA Pool, Antpool, or F2Pool)  


Q1: Does anyone have a preference for Bitcoin mining pools (I was looking at Foundary USA Pool, Antpool, or F2Pool)  
",2,1.0,2,Bitcoin,2024-01-07 23:19:30
1915v9l,How many more times will we be conned by crypto?,,1,0.3799999952316284,11,Bitcoin,2024-01-07 23:19:36
1915wfi,How to find wallet public address blockchain dot com wallet from ID,"A friend of mine told me he has an old wallet on blockchain dot com. He knows his wallet ID but he forgot his password so he can't access his wallet right now.

Before wasting time to gain access to his old wallet he would like to check via the address how much is in it.

Is it possible to find a blockchain dot com wallet address from only the wallet ID?",1,0.4399999976158142,1,Bitcoin,2024-01-07 23:20:52
19163yp,What would you do if Bitcoin hits $100k?,,2,0.6299999952316284,22,Bitcoin,2024-01-07 23:29:42
19166q4,"Why are zero-fee transactions not more common, considering mining pools have the ability to include their own transactions in a block?",[removed],1,1.0,0,Bitcoin,2024-01-07 23:32:49
1916qqt,"Join me for dice and slots with unlimited faucet, grab treasure boxes to share BTC bonus pool! #Dice #Slots #BTC #Gaming #OnlineCasino #crypto #onlinegaming",,1,1.0,0,Bitcoin,2024-01-07 23:57:08
1916ryb,Making money online,,1,1.0,0,Bitcoin,2024-01-07 23:58:32
1916vqb,Mining Bitcoin,"What is the best platform i can mine crypto? I have seen a lot of websites and after checking the trust pilot reviews i got worried, kindly advice me.",1,0.6700000166893005,5,Bitcoin,2024-01-08 00:02:40
1916xkw,"I have $120,000 worth of Bitcoin and I keep them on an Exchange",[removed],1,1.0,0,Bitcoin,2024-01-08 00:04:49
191709d,Next year you can buy a house with 1 bitcoin ,,72,0.8399999737739563,25,Bitcoin,2024-01-08 00:08:07
19170zs,Proof that $SPY and $NASDAQ will crash and #bitcoin will decouple and moon! https://youtu.be/pyoGTsWBJfU?si=Nn0PqS7aOTl6SHCI,"Proof that $SPY and $NASDAQ will crash and #bitcoin will decouple and moon!
https://youtu.be/pyoGTsWBJfU?si=Nn0PqS7aOTl6SHCI",2,1.0,0,Bitcoin,2024-01-08 00:08:58
191780f,"I have $120,000 worth of Bitcoin and I keep them on an Exchange","I'm making this post to create awareness, and to share my opinion on something that while controversial, it's really important.

I've been in crypto for 4 years, this amount I have is my entire portfolio almost (I have $10,000) in a bank account. I'm a 20ish guy from an European country, and while this might seem like a lot (for me it is), it is mostly from my job as I'm able to save $20-$30k per year.

From what I've seen, and all the years I've been on reddit, something I hear a lot is ""not your keys, not your crypto"", or ""remember mtgox"" or even ""ftx was also the 2nd largest exchange"". At first I agreed with this, as 4 years ago I was starting my job and I had little savings, I remember the first time I sent a transaction to my Ledger, I remember the feeling of having $5,000 on my Ledger which at the time was a lot and being so anxious that it would just disappear because someone would find where I kept my seed phrase and would wait years just to collect more at the end, and so on.

I've came to realize that 99.9% of people that have the arguments above, hold nothing or close to nothing, people don't understand what it is to hold thousands and thousands, a value that could buy a house, or at least partially, or that could buy your dream car. For me, $120,000 in a Ledger? Never. I would never sleep and would never be comfortable knowing that a single mistake can wipe out everything I've built over the years, $120,000 in my country is what people work for during 10-20 years, I'm never going to sleep well if I know that a single character mistake on a transaction can erase this, that if something happens to my seedphrase (a fire, a robbery, one of the inifinite number of cases), I would have nothing left.

So this is my opinion, I have them split between the 3 most reputable and safe exchanges (Kraken, Binance and Coinbase) and I do not feel scared, I do not feel anxious, I've had it for years, I also do know that a lot of people say that they got locked out of their accounts, trust me, I've worked in AML for years, these exchanges don't keep people's money, they just can't. I know a lot of you, specially people who hold +6digit porfolios, share the same opinion as me, I'm just tired of seeing all this BS about ""not your keys not your crypto"" from people that do not have an even significant amount, yeah sure I can keep $1,000 on a Ledger because if something happens I can just make it back in 1 month, but do undertand that when/if you actually achieve a high value portfolio, self-custody is just not an option.",1,0.4399999976158142,257,Bitcoin,2024-01-08 00:17:34
191784l,Global Bitcoin based CO2-Emission Trading System,"Here is the plan:

1. Every nation has its CO2 budget, based on the Paris agreement and has to deposit a pledge in Bitcoin to participate in this program
2. Satellites etc. track which country emits how much CO2 and give the result e.g. after 1 week to an assembly where every nation looks at its collected data. This is important for the consensus mechanism later on at “step 5“.
3. If a country emitted more CO2 than its theoretical budget allows, it needs to buy certificates from others. This can be done automatically via “step 5“.
4. If a country emits less CO2 than it needs, it can make money by selling some certificates to other countries.
5. Every nation has its own anonymous key to a multi-sig wallet (e.g. 150/195 wallet). If the data of a nation from step 2 comes to the conclusion, that another nation emitted more than it has certificates, it can sign a transaction on the multi-sig wallet to move the according pledge from the nation who emitted too much CO2 to the rest of the nations who emitted less than it actually needed.

&#x200B;

Done.  
What do you think?  


Why should countries participate in this? Answer: If e.g. the USA and EU start this and only trade with nations who participate in this program, you could force others to join.  


Open problems / questions that came to my mind, that may need a solution:

* What if every country emits too much CO2?
* What if a key of a nation gets hacked / lost?
* Can you track CO2 sources via satellites and planes precise enough?",1,0.5,6,Bitcoin,2024-01-08 00:17:42
191784u,Global Bitcoin based CO2-Emission Trading System,"Here is the plan:

1. Every nation has its CO2 budget, based on the Paris agreement and has to deposit a pledge in Bitcoin to participate in this program
2. Satellites etc. track which country emits how much CO2 and give the result e.g. after 1 week to an assembly where every nation looks at its collected data. This is important for the consensus mechanism later on at “step 5“.
3. If a country emitted more CO2 than its theoretical budget allows, it needs to buy certificates from others. This can be done automatically via “step 5“.
4. If a country emits less CO2 than it needs, it can make money by selling some certificates to other countries.
5. Every nation has its own anonymous key to a multi-sig wallet (e.g. 150/195 wallet). If the data of a nation from step 2 comes to the conclusion, that another nation emitted more than it has certificates, it can sign a transaction on the multi-sig wallet to move the according pledge from the nation who emitted too much CO2 to the rest of the nations who emitted less than it actually needed.

&#x200B;

Done.  
What do you think?  


Why should countries participate in this? Answer: If e.g. the USA and EU start this and only trade with nations who participate in this program, you could force others to join.  


Open problems / questions that came to my mind, that may need a solution:

* What if every country emits too much CO2?
* What if a key of a nation gets hacked / lost?
* Can you track CO2 sources via satellites and planes precise enough?",1,0.33000001311302185,2,Bitcoin,2024-01-08 00:17:43
19178gp,Topt Psychotherapist in India | Megha Kalchuri Solanki |,,1,1.0,0,Bitcoin,2024-01-08 00:18:09
191799l,Best Psychotherapist in India | Megha Kalchuri Solanki | Evolving Minds Counselling Centre Indore,[removed],1,1.0,0,Bitcoin,2024-01-08 00:19:06
1917gbs,Blackrock Expects SEC to Approve Spot Bitcoin ETF This Wednesday,,10,1.0,2,Bitcoin,2024-01-08 00:27:46
1917hoo,Lol,,1,0.6700000166893005,0,Bitcoin,2024-01-08 00:29:32
1917j3w,YOLO BTC,As the title says you only live once so just put you life save inside it.,1,0.5,1,Bitcoin,2024-01-08 00:31:09
1917oy1,What time of day might the ETF approval be announced?,"Of course we don’t really know for sure, but I’m curious roughly what times of the day I should be checking my phone. Do you reckon the start of the training day or towards the end?

Y’all should text me when the approval’s announced…",1,1.0,1,Bitcoin,2024-01-08 00:38:28
1917spd,How to invest 4k?,"Im lurking here longer time, have empty(not setup yet) Trezor wallet ready, but have only like 0.001 BTC from 2019 when i bought for like 50€ for fun(stupid me didnt take 7k price seriously)

I have now 4k€ and i want to invest it but idk if i should buy all at once or put only some % now and rest do DCA as the ETF approval is coming and halving.. im using Kraken.

How would you invest if you had 4k to buy now? 

I was thinking to buy all at once, but then i read that on approval it can drop so i would get better price.. on other side it can also go up and then i buy much less for more money. 
I want to hodl long term and DCA around 500€/month from salary after the 4k buy.",1,0.2199999988079071,8,Bitcoin,2024-01-08 00:43:07
1917vpf,Give me a money $$$,Waiting for ETF 👊,1,0.4399999976158142,0,Bitcoin,2024-01-08 00:46:51
1917x6a,"My brother passed away and I think he had bitcoin, how do I retrieve it?","My post on CryptoCurrency subreddit got removed so I am reposting here, any advice appreciated:

I figured this would be the best place to ask. Last year my brother passed away due to a freak car accident.  It has taken a while to sort through all of his stuff but I got most of it.


He was well known even to our extended family (we are immigrants) as being the one that made it because he got into bitcoin in the early days. He was always well off.


I was going through one of his boxes today and when I picked up a book a peice of paper fell out with 2 QR codes with address and priv written above them.


I tried scanning them with my phone and the address yielded results to an online ledger. I searched up the address on it and it shows over 2000 bitcoin.


When I scanned the priv key nothing happened and it did not yield any results. How do I go about getting the crypto out of the address and selling it?


Thank you in advance.",1,0.1599999964237213,47,Bitcoin,2024-01-08 00:48:41
19182y1,Yo what should I set my stop loss for this week? Need some guidance during ETF watch 🙏,[removed],1,1.0,0,Bitcoin,2024-01-08 00:55:37
19185vv,Platforms,What platform is best for crypto??? And do you guys think Robinhood is good for trading crypto (I know it's not real there but it's still crypto) or are there other easy platforms to use ?? I find it the easiest and I'm trying Uphold but the margins don't make sense. Even after reading the definitions. I'm a rookie,3,0.7099999785423279,13,Bitcoin,2024-01-08 00:59:18
1918akp,Whats your plan Btc?,"What are your plans?  Intersterd to hear the many different stratgies!  We all know bitcoin sky rockets during halving and after a while falls.  I am assuming with past data of bitcoin and my dumb brain/luck it will go close to 150k  prob 148k where people are just waiting for 150k. And when it falls to 120k seeing all that profit whipped away in a day, many will hold nervously waiting, but then it will probably drop to 35-45k from summer 2024 to 2027.  So... you holding all the way up and down?  Profit taking?  Try to guess top?  Hoping this to goes past 150k?   


I Have been buying for years.   Not enough to sell at last highs ($68,000).  Figured I would just continue to buy every day or week for this 2024 halving.   Even at 400 a week, I could not get 1 full bitcoin.  Close though!!!!   If this goes to 100k, I have to take 20% profit to pay for the cybertruck.   Only way I am allowed to get, and momma want. 

 Good luck,  we are all on team make money.  I understand some are here for the religion and I hope you the best, but we all know one thing.   This is a great asset and will go way up,  but come back down to 🌎.",1,1.0,3,Bitcoin,2024-01-08 01:04:50
1918ccl,They have this amazing hat lol,,7,0.6899999976158142,1,Bitcoin,2024-01-08 01:07:04
1918co0,Trust wallet,I think this is a very interesting topic! I’m wondering if anyone can give me some insight on Trust Wallet? I’ve got the keys so it’s my crypto no?? and I’ve researched that if they become insolvent I can just use the seed words to any compatible wallet… Any insight will be appreciated..TIA,2,0.6700000166893005,5,Bitcoin,2024-01-08 01:07:27
1918fc6,Bitcoin,Ablation bbbk,1,0.9900000095367432,0,Bitcoin,2024-01-08 01:10:45
1918i65,Jade or Esp32 Jade,Wondering if you all have any feedback on the diy esp32 jade vs the purchased one… even asking is kinda making me want to just buy one… but I already have some esp32s laying around I can program. Has anyone done this with success?,2,0.7599999904632568,0,Bitcoin,2024-01-08 01:14:26
1918mc8,Ledger Live Fee’s,[removed],1,1.0,0,Bitcoin,2024-01-08 01:19:50
1918mr1,"Send help, BTC needed",[removed],1,1.0,0,Bitcoin,2024-01-08 01:20:19
1918od0,Infamous bitcoin pizza guy who squandered $365M haul has no regrets,,774,0.8700000047683716,168,Bitcoin,2024-01-08 01:22:23
1918u37,"I need help understanding which one is logical to buy to take my coins off of exchange, thank you guys!",,40,0.7900000214576721,58,Bitcoin,2024-01-08 01:29:49
1918xoq,Earning Bitcoin As A Minor (16),[removed],1,1.0,0,Bitcoin,2024-01-08 01:34:17
1919499,$44k loan?,"I’ll make payments each month. I just wanna get a whole coin before things take off.

My profile:

24M

Income: 70k yearly, solar engineer

FICO score: 738 ( 1.5 yr old, no misses, 1 inquiry)

Single

Based in TX, live in appt with roomie

Where or how can I get one? I was contemplating getting a SBA or something, to at least maybe get half of one or a whole if I can.",1,1.0,7,Bitcoin,2024-01-08 01:42:44
19196u4,Is Coinbase legit?,I saw a picture of John Nash endorsing Bitcoin the other day and I want to get in before the price goes up. Thanks. ,1,0.2199999988079071,26,Bitcoin,2024-01-08 01:46:02
19197th,Ledger Live Fee’s,[removed],1,1.0,0,Bitcoin,2024-01-08 01:47:21
1919ayw,Export master blinding key,"Hi. When I connect Blockstream Jade wallet with Blockstream green app, on the Jade it says export master blinding key (yes/no?). What is this? And what do I have to do ?",1,1.0,0,Bitcoin,2024-01-08 01:51:24
1919ccx,Jade (export master blinding key),"Hi. When I connect Blockstream Jade wallet with Blockstream green app, on the Jade it says export master blinding key (yes/no?). What is this? And what do I have to do ?",1,1.0,0,Bitcoin,2024-01-08 01:53:12
1919eul,Jade (best setup)?,"What is the best setup for Blockstream Jade with green? 

Choosing the usb, Bluetooth or airgapped (qr seed) way ?

Thanks",4,0.7099999785423279,0,Bitcoin,2024-01-08 01:56:28
1919qv2,Connect Software Wallet to Pruned Node?,"Can I connect software wallets to a pruned node without a problem?

I am asking specifically about Sparrow, Specter and Nunchuk (all Desktop, Linux).

(With Electrum, afaik, you need an unpruned node, due to the Electrum Server in between.)",6,0.7599999904632568,0,Bitcoin,2024-01-08 02:12:01
191a2ad,Truth,,1,1.0,0,Bitcoin,2024-01-08 02:26:48
191a2k8,If you had $1000.00,How would you use it?,1,0.18000000715255737,22,Bitcoin,2024-01-08 02:27:09
191a7jy,Google trends bitcoin interest over time,Always an up trend each January on the year of the halving.,82,0.949999988079071,12,Bitcoin,2024-01-08 02:34:07
191a7zi,Bitcoin in the Year 2000 according to the Financial Times,Another great example of garbage from the Financial Times - https://www.ft.com/content/2356d32d-f5d6-4017-9179-5787ced68118,161,0.9800000190734863,31,Bitcoin,2024-01-08 02:34:44
191a9ih,This year could be epic,"r/wallstreetbets won't allow crossposting  
[https://www.reddit.com/r/wallstreetbets/comments/1911k5y/this\_year\_could\_be\_epic/](https://www.reddit.com/r/wallstreetbets/comments/1911k5y/this_year_could_be_epic/)",2,0.5600000023841858,3,Bitcoin,2024-01-08 02:36:48
191ai7p,Unpopular opinion:,Decentralization and un regulated will encourage evil. Only ones that are hype are those who dumped heavy into this. Get mad. Bring on the downvotes.,1,1.0,0,Bitcoin,2024-01-08 02:48:31
191av67,Spot ETF won't get approved,"Am I only one who thinks they won't approve it? I think the government hasn't figured out how to milk or maximize profiteering on BTC yet. They know they have a golden goose in hand but they are greedy. 

I say another 6months to a year before they do approve.",1,0.23999999463558197,29,Bitcoin,2024-01-08 03:05:55
191avvy,BTC Fair Value. $1.48 million. 2029,,1,0.6700000166893005,1,Bitcoin,2024-01-08 03:06:54
191aysn,🔥 $XAI is now available at PancakeSwap! 👉 Our ONLY Contract: 0x39Af6FB6b7aa371A1fC79eB74109515A6666E875,,1,1.0,0,Bitcoin,2024-01-08 03:10:58
191b0a8,USD-BTC,"2289 S Mountain Ave, Ontario, CA 91762",2,1.0,0,Bitcoin,2024-01-08 03:13:09
191b1zj,Are we cultists?,"Anyone want to go to bat for us over on r/investing? 

https://www.reddit.com/r/investing/s/G35SsoVIXX",10,0.6299999952316284,37,Bitcoin,2024-01-08 03:15:39
191b9r2,Hosting at 0.06$ per kwh,Hosting at 0.06$ per kwh,1,1.0,1,Bitcoin,2024-01-08 03:26:22
191bdag,Can I recover Bitcoin sent to a scammer's address,[removed],1,1.0,0,Bitcoin,2024-01-08 03:31:18
191be0i,Desperate Bitcoin investment,"I'm feeling hopeless and desperate. I have no future, no job, no friends, no family. I have some savings, but they are so minimal that I don't even care. I'm thinking of investing all of them in Bitcoin, hoping for a miracle. Maybe I'll get rich, maybe I'll lose everything, maybe I'll die. I don't care anymore.

Is this a good idea? Has anyone done this before? What are the risks and benefits of Bitcoin? What are the alternatives? Please help me. I don't know what to do.",1,0.4300000071525574,25,Bitcoin,2024-01-08 03:32:18
191bnbo,The Orange Coin - Bitcoin For Dummies,"Intro to Bitcoin (Pre ETF)

https://preview.redd.it/kzmsbxxh05bc1.png?width=900&format=png&auto=webp&s=b41e01c1c0522f11f86508869377f86b9c2dd3d4

Meet my brother, the financial philosopher. He’s got this unique perspective that cash is the like unicorn of money - mythical, elusive, and quite possibly, a figment of our imagination. You see, for him, if it’s not chilling in his bank account or doing a dance on his computer screen, it’s just not real money. It’s like Monopoly cash but without the colorful board and the risk of landing on Park Place. According to his financial doctrine, if he can’t see it in his banking app, it doesn’t matter. So, in his world, spending it is as consequence-free as arguing with a mirror. Now, let’s take this whimsical journey into the era of Bitcoin, where the lines between “real” and “not real” money blur faster than a chameleon in a paint store. Strap in, because we’re about to dive into the wild world of digital currency, where even the unicorns might be cashing in their horns for Bitcoin.

## 😒 Considering Bitcoin

In 2024, this week actually we might see the first US based Spot Bitcoin ETFs being green lit by the SEC. This is big news and it’s time for some of you to pay attention. Let’s break down this shiny coin. Consider Bitcoin as the antidote to the age-old tale of governments playing fast and loose with the value of our money. Look back, and you'll see how currencies, like Roman coins and the U.S. dollar, have taken a rollercoaster ride from gold-backed glory to a fiat existence backed by little more than promises. Bitcoin, on the other hand, operates in a trust-less, permission-less, and borderless space. This means no government whims or geographical boundaries can mess with its value. It's like a financial superhero that doesn't need a central authority pulling the strings. In a world where currencies have a history of being debased, Bitcoin's decentralized nature becomes a shield against the age-old tendency to devalue money. It's not just digital cash; it's a guard against the pitfalls of monetary history, offering a more resilient and trustworthy alternative to traditional currencies.

## 📊 The Data Disco

One of Bitcoins key risks and argument against incorporating it into a large portfolio has always been volatility and the huge price swings. It has become clear that much of the interest in this orange coin is speculative as buyers simply chase price appreciation. This has led to rapid price swings. In the past ten years, Bitcoin has experienced three distinct drawdowns of at least 70%. Honestly, if I had portfolio value of $100,000+ I would also be a little skeptical about my weighting in this digital asset, but I would like to present some data for us to tango with. Also with Bitcoin comes this culture of HODLing and you can see that here in this figure here.

💡: “HODLing” refers to the buy-and-hold strategy. Buy-and-hold investors tend to hold their assets for an extended period of time to profit from the long-term value appreciation.

The long term holders are always increasing as the price of this asset appreciates. There are real investors here it seems… the long term holders are increasing and the short term holders are slowly decreasing this is attractive to see as someone managing risk.

📷📷

Here’s some interesting data though — not my data of course.. but not a crypto bro’s data either. Cambridge Associates data — Cambridge Associates is a global investment firm that provides investment consulting, research, and advisory services to institutional investors such as pension funds, endowments, foundations and other large investors. The firm was founded in 1973 and has since gained prominence in the investment industry and “big money”. Ever since 2019 when they started to write research about crypto assets it should’ve been a signal to us that this type of asset was here to stay. Big money rarely misses, but when they do they miss very very badly… lookin at you FTX.

Small bitcoin allocations did improve the performance of a traditional portfolio of equities and bonds in a recent period we reviewed, Additionally, poorly timed investments in crypto assets could have detracted from overall portfolio returns. This is true for investors that bought into bitcoin in late 2017, when prices were surging, then hastily closed positions after massive drawdowns in the next two years.

Sean Duffin, Cambridge Associates (\*2019)\*📷

Even recently there was some research done that compared a traditional 60/40 portfolio holding VTI (Vanguard Total Stock Market Fund) and BND (Vanguard Total Bond Market Index Fund) and a 58/40/2 portfolio holding 2% BTC instead of the 2% in VTI. This research provided some pretty solid [*evidence*](https://flight.beehiiv.net/v2/clicks/eyJhbGciOiJIUzI1NiIsInR5cCI6IkpXVCJ9.eyJ1cmwiOiJodHRwczovL21lZGl1bS5jb20vQEFsZXBoLkNhcGl0YWwvYml0Y29pbi1pbnRlZ3JhdGlvbi1pbi10cmFkaXRpb25hbC02MC00MC1wb3J0Zm9saW9zLWEtNC15ZWFyLWFuYWx5c2lzLTFkOTNmOGY5NGM3Mz91dG1fc291cmNlPWxvb3RiYWcuYmVlaGlpdi5jb20mdXRtX21lZGl1bT1yZWZlcnJhbCZ1dG1fY2FtcGFpZ249dGhlLW9yYW5nZS1jb2luIiwicG9zdF9pZCI6ImQ1ZDc4OTMyLWE5ZDAtNGNlZi05YTk1LTY3NDY5MzU1NjI1MSIsInB1YmxpY2F0aW9uX2lkIjoiY2NiYTBiZDQtMTllZC00ZDE5LWIyNWEtNDZmYWIyNzgwYTZmIiwidmlzaXRfdG9rZW4iOiI2MDU2ZDE2ZS1hZGZmLTQ1ZDUtODkyZC1jNzY3NmYxOGQyMDYiLCJpYXQiOjE3MDQ2ODUyNDQsImlzcyI6Im9yY2hpZCJ9.3KbiEqKbcbdtZ7fU7m_6n2qIuLgcEYf72CFg55Fy-aI) supporting the proposition that adding a modest 2% allocation of Bitcoin to a traditional 60/40 portfolio can yield consistent benefits over a 4-year time horizon. This research also found that introducing a 2% bitcoin allocation enhances the overall CAGR, (Compound Annual Growth Rate) of the modified 60/40 portfolio. Furthermore, the Sharpe and Sortino Ratios highlight improved risk-adjusted returns for the modified portfolio.

Wtf is a Sharpe and Sortino Ratio? Shannon Sharpe?

💡: [*Sharpe Ratio:* ](https://flight.beehiiv.net/v2/clicks/eyJhbGciOiJIUzI1NiIsInR5cCI6IkpXVCJ9.eyJ1cmwiOiJodHRwczovL3d3dy5pbnZlc3RvcGVkaWEuY29tL3Rlcm1zL3Mvc2hhcnBlcmF0aW8uYXNwP3V0bV9zb3VyY2U9bG9vdGJhZy5iZWVoaWl2LmNvbSZ1dG1fbWVkaXVtPXJlZmVycmFsJnV0bV9jYW1wYWlnbj10aGUtb3JhbmdlLWNvaW4iLCJwb3N0X2lkIjoiZDVkNzg5MzItYTlkMC00Y2VmLTlhOTUtNjc0NjkzNTU2MjUxIiwicHVibGljYXRpb25faWQiOiJjY2JhMGJkNC0xOWVkLTRkMTktYjI1YS00NmZhYjI3ODBhNmYiLCJ2aXNpdF90b2tlbiI6IjYwNTZkMTZlLWFkZmYtNDVkNS04OTJkLWM3Njc2ZjE4ZDIwNiIsImlhdCI6MTcwNDY4NTI0NCwiaXNzIjoib3JjaGlkIn0.VZy02IC0zv4-7bREIPNkyYCYIG9v_5I5jqAyH3g0cis)The Sharpe ratio compares the return of an investment with its risk. It’s a mathematical expression of the insight that excess returns over a period of time may signify more volatility and risk, rather than investing skill. Click the link if you want to learn more about that stuff it’s really interesting. ​

## 🧠 Bigger Ideas

I don’t even consider this small allocation that I have made myself in this asset as one that is a hedge on the dollar or a hedge on the Federal Reserve I would say it is more like a land grab. There is a fixed supply and this scarcity inherently is one factor of value that gets added and I just simply want my hand in the cookie jar. Just incase right? It is my hedge on my own FOMO (fear of missing out) my hedge on possibly going insane if it goes to a bazillion dollars.

📷

Look at all of these funds, this is big money finally bending the knee. I think giving this asset a second chance this time around might be something worthwhile. I told you last week “listen to what they do not what they say” and well look at all of Wall Street ready for their Spot Bitcoin ETFs. Go back to last weeks newsletter, what was this previous years return on BTC? 157%…

It looks like it is finally time where Bitcoin is gaining its legitimacy, we will know for sure this week when the SEC green lights the slate of ETFs that have been filed and we will see what I predict to be the highest single day inflow on day 1 of ETF launch we have ever seen for a Spot ETF tracking any underlying asset. Dare I say $10 billion on first day.

The volatility of Bitcoin indeed adds complexity to comparing its purchasing power against traditional currencies like the U.S. dollar on a day-to-day basis. The importance of the four-year cycle and a longer time horizon in Bitcoin investments becomes crucial for several reasons. Bitcoin has exhibited distinct market cycles in its relative short history, characterized by periods of rapid price increases (bull markets) followed by corrections or consolidations (bear markets). Understanding and considering this four year halving cycle that Bitcoin has is essential for making informed investment decisions. The four-year halving cycle is not just a price mechanism; it is deeply tied to the fundamental aspects of Bitcoin’s supply schedule. These events, which can reduce the rate at which new Bitcoins are created, can have long-term effects on supply and demand dynamics. A longer time horizon allows you as an average joe to assess how these fundamental changes unfold and potentially increase or decrease your allocation.

## 🎨 My Chart Artwork(s) of the Week

📷

## 🖼️ The Art Gallery

📷

*Rising concerns over the Federal Reserve printing more money and the increase in M2 money supply lies in the potential negative consequences associated with inflation and loss of purchasing power*

📷

*You can’t make this stuff up.. presented by David Andolfatto member of the Research Division of the Federal Reserve Bank of St. Louis. Source: St. Louis Fed*

📷

*US Consumer Price Index: Purchasing Power Of the Consumer Dollar is at a current level of 32.60, up from 32.50 last month and down from 33.60 one year ago. This is a change of 0.31% from last month and -2.98% from one year ago. Source: YCharts*

Money is a self-organizing system of resource management. Bitcoin is better money, because it allows for more pure self-organization as a result of its money supply being predetermined by hard-coded, low-inflation algorithm — rather than by fiat decree. Bitcoin's growth is inevitable; over time, capital will flow through the path of least resistance: the resource allocation mechanism that preserves purchasing power and the ability to predictably offset value claims over time. Bitcoin might be that, I’ll hold that statement back a little with adding the might — as even I am waiting to see that unfold in real time but I am pretty confident in saying that USD is not that.. Here’s something that is pretty eye opening and something that seemingly seems to work under no one’s decree unlike our fiat dollars. Some out there in the community have observed this power law and charted an equation to visualize it.

💡: In statistics, a power law is a functional relationship between two quantities, where a realtive change in one quantity results in a relative change in the other quantity proportional to a power of the change.

📷

*Power law p=A\*(t-t1)alpha1,A=1.0014e-17, alpha1 = 5.82; t days from t1=Jan 3 2009, R2=0.953 04-Jan-2024*

## 🗓️ Calendar Clues:

Tues (1/9): 1:00pm - 3-Year Note Auction***Expected This Week: Bitcoin Spot ETF (Jan 10th-11th)***Wed (1/10): 1:00pm - 10-Year Note Auction**Thurs (1/11): 8:30am CST - CPI (Consumer Price Index)**Thurs (1/11): Initial Jobless Claims**Thurs (1/11): 30-Year Bond AuctionFri (1/12): 8:30am CST - PPI (Producer Price Index)**",23,0.9300000071525574,4,Bitcoin,2024-01-08 03:45:31
191bon6,Grass: Get paid for your unused interne,"Everyone has an internet connection with a certain amount of bandwidth per month, but almost nobody uses all of it. Grass is a network for selling that bandwidth to other people, with a suite of applications that do this automatically in the background of your phone or computer. The end result is passive income for selling a resource you didn’t even know you had.

By selling internet bandwidth on Grass, you’re directly contributing to the growth of artificial intelligence. Networks like these are required to train AI models, and AI labs are some of our biggest customers.

Grass is a network for exchanging bandwidth and bandwidth only.There is no possible way for buyers to see your data or view your activity. Security and privacy are 100% guaranteed.

https://app.getgrass.io/register/?referralCode=LW4ZBxtY6lCZVnP",1,0.33000001311302185,1,Bitcoin,2024-01-08 03:47:20
191bv3w,How much is this coin worth ?????,I stumbled across this coin walking one day and I don't know jowls much it's worth can somebody help me ???,1,1.0,3,Bitcoin,2024-01-08 03:56:54
191byqc,"Hi guys, i know this might be annoying but I need help choosing a hard wallet","Sorry in advance because I know a lot of people ask this, but i’ve been doing some research on the sub and didn’t find that much info on this particular one but from comments I’ve seen most people agree the “Blockstream jade” is one of the best? Is this the case? Thank u",1,0.5,25,Bitcoin,2024-01-08 04:02:00
191c2wv,I don't see how the ETF can be a Sell The News event. Find the fault in my logic.,"Everyone seems to agree that if the ETF is rejected, the price is going to plummet. So how can news of approval *also* cause the price to drop? Make it make sense.",61,0.8600000143051147,75,Bitcoin,2024-01-08 04:08:19
191ce4g,Raxful legit?,Can anyone tell me more about raxful.com and if it is legit? I followed a promo code and my balance says I have ~ $9500 in Bitcoin on this site. I can’t find anything online and searches for Raxful only pull up results for Paxful. Sorry I am new to crypto and it seems like this can’t be for real.😧,1,0.25,4,Bitcoin,2024-01-08 04:24:19
191cgsk,I’m proud of this,[removed],1,1.0,1,Bitcoin,2024-01-08 04:28:24
191cmlt,ICE: Enjoy the benefits of mining without impacting your phone’s performance or battery life.,"Ice can be used as a medium of exchange to facilitate transactions within the Ice network. This includes sending Ice to other users, receiving Ice as payment, exchanging Ice for other cryptocurrencies, and using Ice to make purchases.

To start earning Ice, you need to check-in every 24 hours by tapping the Ice logo button to begin your daily check-in (mining) session. You will earn the current mining rate/hour for the next 24 hours.

Ice project is truly unique!

With Ice, you can mine with your phone without consuming any of your phone’s resources, data or processing capacity. It doesn’t even drain your battery. This is a game-changer for crypto mining and offers a whole new level of accessibility.

By mining together, simultaneously, you prove that you trust each other, and this major element of trust powers the network and thus enables the popularity of Ice.

During Phase 1 of the Ice project, users have the opportunity to pre-stake their Ice and increase their mining rate by up to 250%. They can opt-in for a staking period of up to 5 years, with the longer staking period resulting in higher rewards. Users can pre-stake a percentage of their balance and can only increase this percentage without the ability to decrease it.
Ice staking period begins when Phase 1 ends, access to the Mainnet is opened, and users complete the KYC process to verify that they are not using fake accounts or bots. During this period, pre-stake users will receive staking rewards, which will be accessible as they become available.

50% will be distributed to the community based on previous mining activity during the first phase of the project.

In conclusion, the economics of the Ice network were carefully designed to ensure a stable and sustainable future for the project. The allocation of coins to the community, team, and community pool allows for the long-term growth and development of the project, while the inflation and rewards model incentivizes users to support the network through staking. The lock periods for the team and community pool funds ensure that the funds are used responsibly and transparently to further the project’s goals. Overall, the economics of the Ice network are designed to promote the long-term success and adoption of the project.

Whitepaper
https://ice.io/whitepaper

Join my team on ice and receive 10 ice coins when you sign-up using my referral code: 
https://ice.io/@sanandr3s",1,0.2199999988079071,15,Bitcoin,2024-01-08 04:36:45
191cou1,New (for me at least) DCA strategy,"It’s pretty simple - only buy on down days in relation to how much it’s down. Easy, automatic, emotion-less DCA that scales purchases based on the level of dips.

I’m doing $10 for every 1%, so the recent -4% day I bought $40 worth. When I checked about an hour ago it was down 1.4% on the day so I bought $14 worth. I check the price a lot throughout the day so it’s pretty easy for me to pull off. 

Does anybody have experience with a similar strategy? I feel like it’s a smart DCA strategy that will remove the guesswork & emotions while taking advantage of the volatility. 

I know I’m starting in a bull market so the next bear market will challenge the strategy differently, but I’ve been a bitcoiner/investor for 7+ years now so I’m confident I’ll be able to stay rational and stick with it through the down cycles (and I make a lot of money through diff sources so regular small purchases won’t be a problem). 

More purchases during bear markets than bull markets seems like a big long term winner, no?",1,0.5299999713897705,54,Bitcoin,2024-01-08 04:40:08
191ct4s,Will there be Bitcoin mutual funds?,"Are there going to be any mutual funds that have the spot Bitcoin ETF?

Yes, yes, I know, buy Bitcoin first. Yes, I know, buy the spot Bitcoin ETF first.

However, my 401k only allows me to invest in mutual funds. Getting a company match in my 401k is just free money. Also, the amount I already have in my account can't be sold without incurring huge fees from withdrawing.

As such, mutual funds are the way to go.

BTCFX is a mutual fund I've used but they mostly have the futures ETF. Do you think there will be mutual funds that hold the Spot Bitcoin ETF soon?",2,0.5699999928474426,3,Bitcoin,2024-01-08 04:46:28
191czky,🔥 $XAI is now available at Pancake Swap! 👉 Our ONLY Contract: 0x39Af6FB6b7aa371A1fC79eB74109515A6666E875 🔄 Pair: XAI/USDT,,1,1.0,0,Bitcoin,2024-01-08 04:56:09
191d4vg,"This potential makes for an attractive investment to people who believe in the future of digital currencies. For people who believe in that promise, investing in cryptocurrency represents a way to earn high returns while supporting the future of technology.",,1,1.0,0,Bitcoin,2024-01-08 05:03:50
191dda6,Dont buy bitcoin - you know it's going to crash,"For everyone who just got here in the last 3 months...  


[https://www.youtube.com/watch?v=XbZ8zDpX2Mg](https://www.youtube.com/watch?v=XbZ8zDpX2Mg)",41,0.7099999785423279,26,Bitcoin,2024-01-08 05:16:35
191dqd7,"Guys, people do NOT like bitcoin... (link below since I can't cross post)",,68,0.800000011920929,73,Bitcoin,2024-01-08 05:37:06
191dxw3,Tax free gift to spouse?,"This may be a dumb question, but if someone wanted to use BTC to purchase something like a house, could someone buy BTC and then gift it to their spouse after a significant profit to avoid paying taxes on that profit in the US? I read that gifts between spouses are tax free in most situations where those involved are both US citizens, but it seems like I’m missing something, thanks",2,0.6700000166893005,8,Bitcoin,2024-01-08 05:48:56
191e2d3,What does Microstrategy do other than buying bitcoin?,,1,1.0,0,Bitcoin,2024-01-08 05:56:10
191e903,"Daily Discussion, January 08, 2024","Please utilize this sticky thread for all general **Bitcoin** discussions! If you see posts on the front page or /r/Bitcoin/new which are better suited for this daily discussion thread, please help out by directing the OP to this thread instead. Thank you!

If you don't get an answer to your question, you can try phrasing it differently or commenting again tomorrow.

Please check the [previous discussion thread](https://www.reddit.com/r/Bitcoin/comments/190le71/daily_discussion_january_07_2024/) for unanswered questions.",59,0.9700000286102295,560,Bitcoin,2024-01-08 06:06:29
191ewho,Buying BTC in Hong Kong,"Just checking if anyone here from Hong Kong tried one of those BTC shops and BTC ATM's to buy Bitcoin? I'm trying to buy (and I can't use online exchanges because my bank refuse to pay there), so my only options are BTC ATM's (I'm worried if there are waiting times, what do do and who to contact), and one of those over-the-counter BTC shops in the city, if anyone tried those? Thanks!",2,1.0,0,Bitcoin,2024-01-08 06:46:33
191ewq3,Wealth protection vs wealth creation mindset,"One of the biggest selling points of Bitcoin is that it protects your wealth against the ravages of inflation - a built-in blight on fiat currencies. This is important for people who have acquired wealth from, say, an inheritance, a lottery, a lawsuit payout or other one-off windfalls.

I've noticed that Bitcoiners who are serial entrepreneurs, professional investors and highly-paid consultants are less fussed about this - they're more interested in other aspects of Bitcoin. I'm guessing this is because they back themselves to go out and make money again and again using their skills, and so the prevailing inflation rate is less of a restriction than if you ""got lucky that one time"".

How does this theory stack up in your experience?

Is Bitcoin's wealth protection feature more important if most of it came from a windfall? If you've earned your wealth from a repeatable skill, are other properties of Bitcoin more important to you?",1,0.3799999952316284,21,Bitcoin,2024-01-08 06:46:59
191eyqi,The Bitcoin Meditations,,5,0.699999988079071,0,Bitcoin,2024-01-08 06:50:27
191f0fp,Does anyone know if..,I need to know why my Bitcoin miner needs to disconnect and reconnect upon every 3 shares I share. I get that every time. I'm not sure why. It's a Python script I have running. Do you know if this is normal? Can I dispatch with the disconnect and go again without going over the recursion limit?,2,1.0,1,Bitcoin,2024-01-08 06:53:23
191f61r,Spot BTC ETFs,[removed],1,1.0,0,Bitcoin,2024-01-08 07:02:47
191f6mf,BTC ETF Timeline,So is this a thing where I could wake up tomorrow and it’s approved? Or a week to week kind of thing.,3,0.7200000286102295,5,Bitcoin,2024-01-08 07:03:46
191fakp,🔥 $XAI is now available at Pancake Swap! 👉 Our ONLY Contract: CA: 0x39Af6FB6b7aa371A1fC79eB74109515A6666E875 🔸 Name: Xai 🔸 Symbol: $XAI 🔄 Pair: XAI/USDT,,1,1.0,0,Bitcoin,2024-01-08 07:10:33
191fbb3,"Mentor Monday, January 08, 2024: Ask all your bitcoin questions!","Ask (and answer!) away! Here are the general rules:

* If you'd like to learn something, ask.
* If you'd like to share knowledge, answer.
* Any question about Bitcoin is fair game.

And don't forget to check out /r/BitcoinBeginners

You can sort by new to see the latest questions that may not be answered yet.",17,0.8799999952316284,77,Bitcoin,2024-01-08 07:11:55
191fbfv,Preciso de investidor pra ficar milionário.,"Estou com a fonte mais quente possível do planeta pra ganhar muita grana, tudo legal.
Preciso de um sócio pra investir em máquinas de mineração. Tenho tudo, local, to com fornecedores da China (todos com referências), energia que é o mais importante.
As máquinas importadas da China, sai bem mais barato do que você encontra de revendedores aqui no Brasil, o retorno do investimento é em 5/6 meses. (Independente do valor investido) um resumo sobre valores bem por cima, 5 mil reais investidos, pra voltar
1300 por mês líquidos.
Dito isso, eu não tenho muito capital pra investir, se não eu faria sozinho. Então, quem quiser ficar rico comigo, só me chamar, sou de SP, se morar perto, ou fazer questão, a gente pode tomar um café antes.


Obs: se você estiver lendo isso, provavelmente você é um possível investidor, só me chamar pra trocar ideia, que explico ato de tudo. Mas resumindo, é grana fácil.",1,1.0,0,Bitcoin,2024-01-08 07:12:10
191fbi9,How self custody works,Can someone outline what the steps are after u bought a coldcard,4,0.6700000166893005,5,Bitcoin,2024-01-08 07:12:18
191fe3n,When BTC hits $88K..,,5,1.0,1,Bitcoin,2024-01-08 07:16:48
191fk7v,Bitcoin is headed to the moon as we speak,[removed],1,1.0,0,Bitcoin,2024-01-08 07:28:03
191fpi7,Buy High,"Well boys and girls, I hope everyone is watching how a professional gambler makes money. So the opposite of me. I bought in with $5000 today, only to watch it drop I’m sure when I wake up in a few hours.",1,0.5,11,Bitcoin,2024-01-08 07:38:02
